Point in Time [s],Response Time [s]
2076.4025599954202,2076.4025599954202
4153.430440009354,2077.027880013934