Point in Time [s],Response Time [s]
1.0349800000000002,1.0349800000000002
2.0776800000000004,1.0427000000000002