Point in Time [s],Response Time [s]
16607.607519685982,16607.607519685982
33217.09871894627,16609.491199260287