Point in Time [s],Response Time [s]
8.35121999999991,8.35121999999991
16.64840000000009,8.29718000000018