Point in Time [s],Response Time [s]
4153.260600009336,4153.260600009336
8306.054140039018,4152.793540029682