Point in Time [s],Response Time [s]
2.0984200000000004,2.0984200000000004
4.177539999999997,2.0791199999999965