Point in Time [s],Response Time [s]
8.571602951491797E-5,8.571602951491797E-5
1.7012746537415347E-4,8.44114358592355E-5