Point in Time [s],Response Time [s]
1038.5950000004168,1038.5950000004168
2077.0201599954075,1038.4251599949907