Point in Time [s],Response Time [s]
0.5232800000000001,0.5232800000000001
1.0465600000000002,0.5232800000000001