Point in Time [s],Response Time [s]
8305.957640039023,8305.957640039023
16611.795619685276,8305.837979646252