Point in Time [s],Response Time [s]
4.173679999999997,4.173679999999997
8.331919999999911,4.158239999999914